{   
    "pre_cuts": {
            "3m": {
                "BiPo214": 5754.75,
                "BiPo212": 64.51,
                "Tl208": 247.155,
                "Tl210": 1.930,
                "B8_nue": 24.70656889,
                "B8_numu": 7.917147642,
                "alphaN_prompt": 0.11,
                "alphaN_delayed": 0.27
            },
            "3p5m": {
                "BiPo214": 9531.05,
                "BiPo212": 111.29,
                "Tl208": 438.539,
                "Tl210": 3.118,
                "B8_nue": 40.02281823,
                "B8_numu": 12.66227848,
                "alphaN_prompt": 0.27,
                "alphaN_delayed": 0.71
            },
            "4m": {
                "BiPo214": 14488.10,
                "BiPo212": 171.10,
                "Tl208": 644.283,
                "Tl210": 4.895,
                "B8_nue": 59.89747512,
                "B8_numu": 19.0750821,
                "alphaN_prompt": 0.60,
                "alphaN_delayed": 1.58
            },
            "4p5m": {
                "BiPo214": 21125.39,
                "BiPo212": 243.11,
                "Tl208": 930.576,
                "Tl210": 7.171,
                "B8_nue": 85.5066087,
                "B8_numu": 27.10971185,
                "alphaN_prompt": 1.22,
                "alphaN_delayed": 3.22
            },
            "5m": {
                "BiPo214": 29992.33,
                "BiPo212": 342.13,
                "Tl208": 1318.549,
                "Tl210": 10.148,
                "B8_nue": 116.6405322,
                "B8_numu": 37.18738404,
                "alphaN_prompt": 2.30,
                "alphaN_delayed": 6.02
            },
            "5p5m": {
                "BiPo214": 41219.88,
                "BiPo212": 469.47,
                "Tl208": 1842.420,
                "Tl210": 14.063,
                "B8_nue": 155.8246035,
                "B8_numu": 49.41984994,
                "alphaN_prompt": 4.07,
                "alphaN_delayed": 10.41
            },
            "6m": {
                "BiPo214": 54302.52,
                "BiPo212": 740.11,
                "Tl208": 2925.453,
                "Tl210": 18.968,
                "B8_nue": 204.4445783,
                "B8_numu": 64.20540254,
                "alphaN_prompt": 6.84,
                "alphaN_delayed": 16.80
            }
        },

    "post_cuts": {
        "3m": {
            "BiPo214": 48.93,
            "BiPo212": 68.95,
            "Tl208": 224.19,
            "Tl210": 2.36,
            "B8_nue": 22.64,
            "B8_numu": 7.29,
            "alphaN_prompt": 0.00,
            "alphaN_delayed": 0,
            "Pa234m": 197.23
        },
        "3p5m": {
            "BiPo214": 62.14,
            "BiPo212": 119.06,
            "Tl208": 387.92,
            "Tl210": 3.82,
            "B8_nue": 36.44,
            "B8_numu": 11.6,
            "alphaN_prompt": 0.01,
            "alphaN_delayed": 0,
            "Pa234m": 197.23
        },
        "4m": {
            "BiPo214": 98.42,
            "BiPo212": 174.99,
            "Tl208": 582.63,
            "Tl210": 5.81,
            "B8_nue": 62.30,
            "B8_numu": 19.81,
            "alphaN_prompt": 0.03,
            "alphaN_delayed": 0,
            "Pa234m": 197.23
        },
        "4p5m": {
            "BiPo214": 127.63,
            "BiPo212": 242.98,
            "Tl208": 830.52,
            "Tl210": 8.42,
            "B8_nue": 76.92,
            "B8_numu": 24.43,
            "alphaN_prompt": 0.05,
            "alphaN_delayed": 0,
            "Pa234m": 197.23
        },
        "5m": {
            "BiPo214": 289.36,
            "BiPo212": 335.89,
            "Tl208": 1176.24,
            "Tl210": 11.93,
            "B8_nue": 120.22,
            "B8_numu": 38.29,
            "alphaN_prompt": 0.11,
            "alphaN_delayed": 0,
            "Pa234m": 197.23
        },
        "5p5m": {
            "BiPo214": 712.78,
            "BiPo212": 453.84,
            "Tl208": 1644.90,
            "Tl210": 16.36,
            "B8_nue": 159.63,
            "B8_numu": 50.68,
            "alphaN_prompt": 0.21,
            "alphaN_delayed": 0,
            "Pa234m": 197.23
        },
        "6m": {
            "BiPo214": 2437.98,
            "BiPo212": 710.78,
            "Tl208": 2615.97,
            "Tl210": 21.75,
            "B8_nue": 208.91,
            "B8_numu": 65.64,
            "alphaN_prompt": 0.62,
            "alphaN_delayed": 0,
            "Pa234m": 197.23

        }

    },
    "quiet_period": {
        "4p5m": {
            "BiPo214": 2836.24, 
            "BiPo212": 119.82,
            "Tl208": 458.641,
            "Tl210": 0.962,
            "B8_nue": 74.59009752,
            "B8_numu": 23.64865221,
            "alphaN_prompt": 1.07,
            "alphaN_delayed": 2.81,
            "Pa234m": 197.23
        }
    }
    
}